<?xml version="1.0" encoding="UTF-8"?>
<project-private xmlns="http://www.netbeans.org/ns/project-private/1">
    <editor-bookmarks xmlns="http://www.netbeans.org/ns/editor-bookmarks/2" lastBookmarkId="0"/>
    <open-files xmlns="http://www.netbeans.org/ns/projectui-open-files/2">
        <group>
            <file>file:/E:/Asisten%20Struktur%20Data%20&amp;%20Algoritma%20II%202018/Pertemuan%2010%20Disjoint%20Set/SDAII_DisjointSet/src/Hidrokarbon.java</file>
            <file>file:/E:/Asisten%20Struktur%20Data%20&amp;%20Algoritma%20II%202018/Pertemuan%2010%20Disjoint%20Set/SDAII_DisjointSet/src/DisjointSet.java</file>
        </group>
    </open-files>
</project-private>
